filename,label
Image_11386.jpg,cycling
Image_6867.jpg,running
Image_1324.jpg,fighting
Image_2253.jpg,drinking
Image_11278.jpg,sleeping
Image_2421.jpg,dancing
Image_3899.jpg,hugging
Image_4368.jpg,listening_to_music
Image_2997.jpg,eating
Image_248.jpg,using_laptop
Image_7682.jpg,laughing
Image_12236.jpg,drinking
Image_12530.jpg,eating
Image_10071.jpg,texting
Image_4430.jpg,listening_to_music
Image_8889.jpg,eating
Image_10518.jpg,dancing
Image_851.jpg,calling
Image_10200.jpg,hugging
Image_8490.jpg,dancing
Image_1079.jpg,texting
Image_4206.jpg,listening_to_music
Image_8140.jpg,sitting
Image_10744.jpg,calling
Image_11344.jpg,laughing
Image_3579.jpg,laughing
Image_2685.jpg,running
Image_7496.jpg,clapping
Image_5874.jpg,dancing
Image_4654.jpg,dancing
Image_11985.jpg,cycling
Image_9607.jpg,listening_to_music
Image_11371.jpg,laughing
Image_11558.jpg,sitting
Image_8936.jpg,sleeping
Image_2321.jpg,laughing
Image_1596.jpg,using_laptop
Image_4177.jpg,listening_to_music
Image_11730.jpg,calling
Image_7414.jpg,sleeping
Image_8192.jpg,laughing
Image_8799.jpg,listening_to_music
Image_8987.jpg,cycling
Image_4465.jpg,clapping
Image_6283.jpg,listening_to_music
Image_2577.jpg,calling
Image_11934.jpg,clapping
Image_8995.jpg,drinking
Image_8367.jpg,running
Image_7835.jpg,cycling
Image_4376.jpg,fighting
Image_10674.jpg,dancing
Image_3530.jpg,eating
Image_2190.jpg,using_laptop
Image_7421.jpg,running
Image_5063.jpg,fighting
Image_5872.jpg,calling
Image_4440.jpg,sitting
Image_5196.jpg,dancing
Image_3523.jpg,eating
Image_4150.jpg,calling
Image_6886.jpg,listening_to_music
Image_10843.jpg,dancing
Image_8731.jpg,sitting
Image_10995.jpg,eating
Image_6302.jpg,hugging
Image_11025.jpg,calling
Image_9211.jpg,eating
Image_1454.jpg,dancing
Image_430.jpg,listening_to_music
Image_9741.jpg,hugging
Image_6769.jpg,listening_to_music
Image_2674.jpg,sitting
Image_6065.jpg,dancing
Image_7795.jpg,fighting
Image_5932.jpg,hugging
Image_9850.jpg,sleeping
Image_6430.jpg,drinking
Image_3121.jpg,hugging
Image_5337.jpg,fighting
Image_2849.jpg,laughing
Image_745.jpg,listening_to_music
Image_3080.jpg,cycling
Image_2146.jpg,cycling
Image_4760.jpg,clapping
Image_11091.jpg,clapping
Image_8210.jpg,running
Image_8693.jpg,texting
Image_5501.jpg,sleeping
Image_3695.jpg,fighting
Image_2862.jpg,sleeping
Image_6189.jpg,listening_to_music
Image_3129.jpg,laughing
Image_2058.jpg,using_laptop
Image_2755.jpg,fighting
Image_5834.jpg,sitting
Image_3188.jpg,using_laptop
Image_10112.jpg,using_laptop
Image_7991.jpg,hugging
Image_7445.jpg,laughing
Image_1984.jpg,fighting
Image_2841.jpg,laughing
Image_5647.jpg,hugging
Image_3007.jpg,sleeping
Image_5744.jpg,using_laptop
Image_1329.jpg,hugging
Image_219.jpg,drinking
Image_12299.jpg,listening_to_music
Image_4880.jpg,calling
Image_9041.jpg,cycling
Image_8009.jpg,sleeping
Image_1898.jpg,sleeping
Image_3911.jpg,running
Image_4171.jpg,texting
Image_1808.jpg,fighting
Image_11959.jpg,hugging
Image_5149.jpg,clapping
Image_5849.jpg,running
Image_3083.jpg,dancing
Image_7829.jpg,running
Image_9351.jpg,calling
Image_5994.jpg,sleeping
Image_10936.jpg,calling
Image_2391.jpg,calling
Image_1644.jpg,sitting
Image_9689.jpg,clapping
Image_7377.jpg,dancing
Image_10191.jpg,cycling
Image_4722.jpg,cycling
Image_6120.jpg,texting
Image_968.jpg,using_laptop
Image_8141.jpg,fighting
Image_11389.jpg,clapping
Image_5534.jpg,eating
Image_5829.jpg,sitting
Image_8010.jpg,running
Image_6051.jpg,cycling
Image_2302.jpg,fighting
Image_9604.jpg,fighting
Image_587.jpg,fighting
Image_2317.jpg,listening_to_music
Image_8818.jpg,listening_to_music
Image_10942.jpg,texting
Image_6907.jpg,running
Image_11005.jpg,running
Image_3746.jpg,clapping
Image_1108.jpg,sleeping
Image_2969.jpg,running
Image_6135.jpg,using_laptop
Image_1238.jpg,clapping
Image_6661.jpg,dancing
Image_7934.jpg,texting
Image_4366.jpg,sitting
Image_9560.jpg,clapping
Image_3647.jpg,cycling
Image_7926.jpg,calling
Image_5480.jpg,texting
Image_8982.jpg,clapping
Image_4093.jpg,laughing
Image_6467.jpg,running
Image_8927.jpg,dancing
Image_11786.jpg,calling
Image_12000.jpg,fighting
Image_2914.jpg,laughing
Image_8631.jpg,cycling
Image_11849.jpg,using_laptop
Image_10726.jpg,sleeping
Image_1865.jpg,dancing
Image_1740.jpg,fighting
Image_5340.jpg,sleeping
Image_3845.jpg,drinking
Image_10067.jpg,clapping
Image_1167.jpg,sitting
Image_6849.jpg,sitting
Image_1733.jpg,eating
Image_10898.jpg,dancing
Image_2358.jpg,using_laptop
Image_6347.jpg,texting
Image_3834.jpg,cycling
Image_9939.jpg,sleeping
Image_11207.jpg,cycling
Image_7607.jpg,fighting
Image_8736.jpg,cycling
Image_6833.jpg,running
Image_5118.jpg,cycling
Image_5460.jpg,clapping
Image_3354.jpg,fighting
Image_5951.jpg,sitting
Image_812.jpg,hugging
Image_51.jpg,hugging
Image_10963.jpg,laughing
Image_2597.jpg,hugging
Image_9017.jpg,sleeping
Image_5156.jpg,sitting
Image_3442.jpg,listening_to_music
Image_7574.jpg,sitting
Image_1278.jpg,listening_to_music
Image_5021.jpg,running
Image_8979.jpg,sleeping
Image_10543.jpg,hugging
Image_11385.jpg,calling
Image_3791.jpg,sitting
Image_1086.jpg,listening_to_music
Image_3211.jpg,laughing
Image_829.jpg,sitting
Image_9004.jpg,using_laptop
Image_5099.jpg,calling
Image_2949.jpg,laughing
Image_4815.jpg,cycling
Image_4282.jpg,using_laptop
Image_9148.jpg,dancing
Image_5251.jpg,calling
Image_3672.jpg,cycling
Image_8722.jpg,sleeping
Image_5827.jpg,calling
Image_7986.jpg,cycling
Image_9487.jpg,sitting
Image_2859.jpg,calling
Image_12430.jpg,using_laptop
Image_10865.jpg,drinking
Image_2373.jpg,fighting
Image_10619.jpg,dancing
Image_3119.jpg,laughing
Image_764.jpg,using_laptop
Image_9886.jpg,clapping
Image_10657.jpg,dancing
Image_386.jpg,eating
Image_2320.jpg,calling
Image_3127.jpg,laughing
Image_9235.jpg,using_laptop
Image_6492.jpg,running
Image_380.jpg,sitting
Image_2911.jpg,eating
Image_11857.jpg,cycling
Image_1373.jpg,calling
Image_9388.jpg,running
Image_8463.jpg,cycling
Image_7079.jpg,fighting
Image_5923.jpg,cycling
Image_5640.jpg,cycling
Image_3324.jpg,eating
Image_2451.jpg,clapping
Image_5527.jpg,texting
Image_742.jpg,calling
Image_6815.jpg,texting
Image_885.jpg,clapping
Image_9256.jpg,fighting
Image_7110.jpg,fighting
Image_4820.jpg,using_laptop
Image_11289.jpg,running
Image_2326.jpg,sleeping
Image_8626.jpg,cycling
Image_1283.jpg,fighting
Image_11573.jpg,drinking
Image_8863.jpg,sleeping
Image_9090.jpg,calling
Image_6857.jpg,eating
Image_7269.jpg,using_laptop
Image_9758.jpg,dancing
Image_3061.jpg,listening_to_music
Image_7325.jpg,dancing
Image_1618.jpg,sleeping
Image_5578.jpg,clapping
Image_9797.jpg,texting
Image_7302.jpg,sleeping
Image_150.jpg,calling
Image_1370.jpg,laughing
Image_2175.jpg,cycling
Image_1209.jpg,laughing
Image_1499.jpg,hugging
Image_2367.jpg,eating
Image_8948.jpg,drinking
Image_10937.jpg,clapping
Image_12370.jpg,calling
Image_201.jpg,sitting
Image_6606.jpg,eating
Image_8950.jpg,using_laptop
Image_252.jpg,fighting
Image_1731.jpg,sleeping
Image_291.jpg,clapping
Image_2418.jpg,clapping
Image_11599.jpg,texting
Image_3756.jpg,calling
Image_11202.jpg,listening_to_music
Image_3563.jpg,dancing
Image_6877.jpg,sitting
Image_4744.jpg,sitting
Image_3133.jpg,running
Image_9594.jpg,calling
Image_7638.jpg,hugging
Image_4106.jpg,texting
Image_9996.jpg,calling
Image_9841.jpg,cycling
Image_10510.jpg,eating
Image_9539.jpg,laughing
Image_4049.jpg,eating
Image_6323.jpg,listening_to_music
Image_5973.jpg,texting
Image_2789.jpg,laughing
Image_9981.jpg,drinking
Image_1936.jpg,dancing
Image_7229.jpg,texting
Image_8296.jpg,using_laptop
Image_11170.jpg,clapping
Image_10202.jpg,clapping
Image_11467.jpg,cycling
Image_10411.jpg,drinking
Image_2022.jpg,sitting
Image_654.jpg,hugging
Image_1627.jpg,eating
Image_5262.jpg,texting
Image_6956.jpg,laughing
Image_3449.jpg,fighting
Image_840.jpg,fighting
Image_6038.jpg,drinking
Image_4111.jpg,sitting
Image_4721.jpg,laughing
Image_4218.jpg,eating
Image_7786.jpg,fighting
Image_397.jpg,fighting
Image_11101.jpg,cycling
Image_2981.jpg,dancing
Image_8870.jpg,listening_to_music
Image_5385.jpg,fighting
Image_1122.jpg,texting
Image_2665.jpg,running
Image_12076.jpg,texting
Image_7117.jpg,hugging
Image_2902.jpg,drinking
Image_12485.jpg,laughing
Image_6001.jpg,fighting
Image_8064.jpg,texting
Image_5658.jpg,using_laptop
Image_6523.jpg,listening_to_music
Image_10710.jpg,drinking
Image_2590.jpg,eating
Image_8458.jpg,texting
Image_5397.jpg,laughing
Image_5900.jpg,cycling
Image_5512.jpg,hugging
Image_4314.jpg,laughing
Image_358.jpg,eating
Image_6770.jpg,listening_to_music
Image_8700.jpg,using_laptop
Image_1403.jpg,eating
Image_9839.jpg,calling
Image_2393.jpg,fighting
Image_136.jpg,clapping
Image_8729.jpg,laughing
Image_2560.jpg,eating
Image_1990.jpg,calling
Image_48.jpg,sleeping
Image_84.jpg,using_laptop
Image_3209.jpg,laughing
Image_7008.jpg,laughing
Image_773.jpg,hugging
Image_9976.jpg,dancing
Image_10123.jpg,dancing
Image_4270.jpg,drinking
Image_8032.jpg,fighting
Image_8328.jpg,cycling
Image_8467.jpg,laughing
Image_4843.jpg,clapping
Image_361.jpg,sleeping
Image_6851.jpg,running
Image_9.jpg,clapping
Image_5580.jpg,hugging
Image_3012.jpg,dancing
Image_12050.jpg,eating
Image_2883.jpg,hugging
Image_12051.jpg,calling
Image_9049.jpg,sitting
Image_312.jpg,running
Image_928.jpg,fighting
Image_10388.jpg,hugging
Image_3255.jpg,sleeping
Image_10221.jpg,sleeping
Image_2955.jpg,sitting
Image_9053.jpg,texting
Image_7173.jpg,running
Image_625.jpg,clapping
Image_5182.jpg,cycling
Image_10128.jpg,clapping
Image_2920.jpg,drinking
Image_2237.jpg,fighting
Image_10736.jpg,fighting
Image_9719.jpg,running
Image_1563.jpg,hugging
Image_12121.jpg,fighting
Image_2185.jpg,texting
Image_12339.jpg,eating
Image_4491.jpg,calling
Image_3367.jpg,clapping
Image_5231.jpg,clapping
Image_6671.jpg,dancing
Image_5588.jpg,eating
Image_7338.jpg,fighting
Image_6418.jpg,texting
Image_8399.jpg,listening_to_music
Image_114.jpg,running
Image_3945.jpg,sleeping
Image_4443.jpg,sitting
Image_4005.jpg,sitting
Image_5909.jpg,calling
Image_9869.jpg,drinking
Image_7665.jpg,sitting
Image_8825.jpg,eating
Image_1198.jpg,fighting
Image_9498.jpg,sleeping
Image_8086.jpg,drinking
Image_11486.jpg,sleeping
Image_2272.jpg,sitting
Image_2110.jpg,fighting
Image_10695.jpg,using_laptop
Image_4304.jpg,cycling
Image_9427.jpg,hugging
Image_9935.jpg,hugging
Image_3470.jpg,clapping
Image_6558.jpg,listening_to_music
Image_8232.jpg,sitting
Image_3387.jpg,listening_to_music
Image_8746.jpg,calling
Image_748.jpg,listening_to_music
Image_11877.jpg,cycling
Image_6202.jpg,calling
Image_12557.jpg,eating
Image_6486.jpg,texting
Image_2440.jpg,texting
Image_3147.jpg,fighting
Image_519.jpg,using_laptop
Image_1414.jpg,fighting
Image_5024.jpg,listening_to_music
Image_9175.jpg,dancing
Image_3001.jpg,running
Image_4220.jpg,texting
Image_4402.jpg,drinking
Image_1214.jpg,sleeping
Image_10640.jpg,hugging
Image_10037.jpg,laughing
Image_2392.jpg,cycling
Image_3704.jpg,drinking
Image_8684.jpg,sitting
Image_11787.jpg,running
Image_7291.jpg,clapping
Image_8521.jpg,texting
Image_1158.jpg,eating
Image_8337.jpg,running
Image_100.jpg,fighting
Image_10578.jpg,fighting
Image_11174.jpg,listening_to_music
Image_4899.jpg,dancing
Image_11220.jpg,clapping
Image_9780.jpg,sitting
Image_11896.jpg,running
Image_2609.jpg,eating
Image_11229.jpg,sitting
Image_3786.jpg,calling
Image_305.jpg,using_laptop
Image_1011.jpg,eating
Image_5323.jpg,fighting
Image_3782.jpg,sleeping
Image_8154.jpg,hugging
Image_8655.jpg,calling
Image_8508.jpg,clapping
Image_103.jpg,texting
Image_10655.jpg,dancing
Image_1007.jpg,using_laptop
Image_7203.jpg,clapping
Image_2520.jpg,laughing
Image_12440.jpg,listening_to_music
Image_4990.jpg,hugging
Image_3527.jpg,drinking
Image_8580.jpg,eating
Image_435.jpg,hugging
Image_2443.jpg,listening_to_music
Image_539.jpg,listening_to_music
Image_11446.jpg,texting
Image_4329.jpg,sitting
Image_2678.jpg,calling
Image_4717.jpg,sleeping
Image_3887.jpg,hugging
Image_7075.jpg,calling
Image_9469.jpg,texting
Image_8732.jpg,sitting
Image_294.jpg,laughing
Image_1571.jpg,eating
Image_6385.jpg,calling
Image_104.jpg,texting
Image_5528.jpg,laughing
Image_4464.jpg,sitting
Image_9608.jpg,listening_to_music
Image_9998.jpg,drinking
Image_980.jpg,using_laptop
Image_1484.jpg,running
Image_1218.jpg,calling
Image_451.jpg,fighting
Image_8669.jpg,texting
Image_8142.jpg,laughing
Image_7475.jpg,using_laptop
Image_1054.jpg,using_laptop
Image_4703.jpg,cycling
Image_2993.jpg,fighting
Image_7449.jpg,clapping
Image_10566.jpg,fighting
Image_4656.jpg,cycling
Image_8645.jpg,cycling
Image_6483.jpg,listening_to_music
Image_2145.jpg,laughing
Image_2457.jpg,hugging
Image_2125.jpg,fighting
Image_8050.jpg,listening_to_music
Image_8268.jpg,laughing
Image_6301.jpg,hugging
Image_8975.jpg,fighting
Image_34.jpg,sitting
Image_11216.jpg,fighting
Image_5222.jpg,cycling
Image_1741.jpg,dancing
Image_11185.jpg,cycling
Image_1769.jpg,listening_to_music
Image_938.jpg,calling
Image_10795.jpg,listening_to_music
Image_6432.jpg,clapping
Image_9678.jpg,eating
Image_7530.jpg,sitting
Image_9514.jpg,eating
Image_10900.jpg,fighting
Image_12365.jpg,running
Image_11113.jpg,fighting
Image_12120.jpg,fighting
Image_2767.jpg,laughing
Image_2055.jpg,dancing
Image_9564.jpg,running
Image_2620.jpg,laughing
Image_5941.jpg,using_laptop
Image_6887.jpg,calling
Image_648.jpg,laughing
Image_5422.jpg,cycling
Image_9174.jpg,cycling
Image_4873.jpg,laughing
Image_5305.jpg,listening_to_music
Image_8835.jpg,calling
Image_7557.jpg,using_laptop
Image_10136.jpg,texting
Image_3903.jpg,sitting
Image_2389.jpg,sleeping
Image_11737.jpg,cycling
Image_1744.jpg,cycling
Image_3060.jpg,using_laptop
Image_5036.jpg,fighting
Image_11512.jpg,fighting
Image_2352.jpg,fighting
Image_11545.jpg,sitting
Image_11134.jpg,listening_to_music
Image_10412.jpg,dancing
Image_5740.jpg,calling
Image_5618.jpg,texting
Image_10823.jpg,hugging
Image_5503.jpg,fighting
Image_8344.jpg,listening_to_music
Image_5466.jpg,calling
Image_6381.jpg,cycling
Image_7559.jpg,calling
Image_1143.jpg,fighting
Image_6978.jpg,cycling
Image_2309.jpg,texting
Image_1115.jpg,using_laptop
Image_1924.jpg,dancing
Image_222.jpg,sitting
Image_3132.jpg,dancing
Image_1428.jpg,listening_to_music
Image_9390.jpg,sleeping
Image_8314.jpg,dancing
Image_458.jpg,using_laptop
Image_1374.jpg,using_laptop
Image_725.jpg,clapping
Image_4011.jpg,listening_to_music
Image_334.jpg,using_laptop
Image_2621.jpg,hugging
Image_5504.jpg,laughing
Image_10013.jpg,drinking
Image_11292.jpg,hugging
Image_6553.jpg,using_laptop
Image_3785.jpg,using_laptop
Image_11421.jpg,using_laptop
Image_10167.jpg,clapping
Image_2513.jpg,calling
Image_1003.jpg,calling
Image_11242.jpg,drinking
Image_3101.jpg,laughing
Image_9483.jpg,clapping
Image_5493.jpg,fighting
Image_7979.jpg,dancing
Image_10564.jpg,running
Image_6497.jpg,running
Image_9734.jpg,clapping
Image_4771.jpg,using_laptop
Image_71.jpg,eating
Image_10347.jpg,texting
Image_2037.jpg,clapping
Image_10958.jpg,eating
Image_10099.jpg,cycling
Image_8776.jpg,cycling
Image_8403.jpg,running
Image_4630.jpg,fighting
Image_12124.jpg,laughing
Image_8273.jpg,drinking
Image_6058.jpg,using_laptop
Image_9591.jpg,cycling
Image_3685.jpg,clapping
Image_10741.jpg,texting
Image_2291.jpg,running
Image_9545.jpg,texting
Image_7729.jpg,listening_to_music
Image_9756.jpg,texting
Image_10298.jpg,drinking
Image_3167.jpg,dancing
Image_3657.jpg,fighting
Image_9706.jpg,running
Image_750.jpg,dancing
Image_1840.jpg,laughing
Image_4620.jpg,hugging
Image_10437.jpg,running
Image_3308.jpg,drinking
Image_5115.jpg,laughing
Image_8575.jpg,dancing
Image_11846.jpg,texting
Image_2974.jpg,clapping
Image_11674.jpg,laughing
Image_6968.jpg,calling
Image_102.jpg,texting
Image_8924.jpg,laughing
Image_5217.jpg,fighting
Image_1040.jpg,sitting
Image_5757.jpg,drinking
Image_4419.jpg,texting
Image_5759.jpg,texting
Image_721.jpg,eating
Image_6648.jpg,clapping
Image_9743.jpg,dancing
Image_8304.jpg,sitting
Image_11508.jpg,drinking
Image_5852.jpg,running
Image_9639.jpg,sitting
Image_2667.jpg,running
Image_2770.jpg,texting
Image_10779.jpg,listening_to_music
Image_7221.jpg,laughing
Image_9575.jpg,clapping
Image_534.jpg,clapping
Image_4166.jpg,cycling
Image_8122.jpg,drinking
Image_7855.jpg,laughing
Image_6587.jpg,sitting
Image_8639.jpg,dancing
Image_10747.jpg,texting
Image_7692.jpg,cycling
Image_6557.jpg,sleeping
Image_20.jpg,using_laptop
Image_5471.jpg,listening_to_music
Image_971.jpg,dancing
Image_1580.jpg,sleeping
Image_8777.jpg,listening_to_music
Image_9437.jpg,listening_to_music
Image_8250.jpg,sitting
Image_11142.jpg,texting
Image_10082.jpg,calling
Image_9792.jpg,laughing
Image_3706.jpg,fighting
Image_322.jpg,texting
Image_7637.jpg,listening_to_music
Image_7919.jpg,sitting
Image_1517.jpg,cycling
Image_2406.jpg,hugging
Image_6546.jpg,drinking
Image_9368.jpg,clapping
Image_11707.jpg,drinking
Image_2537.jpg,listening_to_music
Image_11414.jpg,calling
Image_5678.jpg,listening_to_music
Image_2020.jpg,fighting
Image_2341.jpg,fighting
Image_12313.jpg,sleeping
Image_10141.jpg,calling
Image_264.jpg,using_laptop
Image_1352.jpg,fighting
Image_7303.jpg,sleeping
Image_10197.jpg,listening_to_music
Image_5482.jpg,sitting
Image_5200.jpg,laughing
Image_11615.jpg,using_laptop
Image_1023.jpg,listening_to_music
Image_474.jpg,texting
Image_10743.jpg,fighting
Image_2311.jpg,hugging
Image_1794.jpg,sleeping
Image_11608.jpg,drinking
Image_3070.jpg,drinking
Image_5708.jpg,listening_to_music
Image_2496.jpg,dancing
Image_3681.jpg,running
Image_4048.jpg,sitting
Image_8748.jpg,clapping
Image_5415.jpg,dancing
Image_4095.jpg,calling
Image_4642.jpg,calling
Image_7697.jpg,laughing
Image_12158.jpg,sleeping
Image_12556.jpg,using_laptop
Image_8251.jpg,drinking
Image_1237.jpg,sleeping
Image_9788.jpg,sitting
Image_6664.jpg,sleeping
Image_7720.jpg,texting
Image_4985.jpg,using_laptop
Image_8856.jpg,calling
Image_2528.jpg,drinking
Image_7497.jpg,laughing
Image_9142.jpg,clapping
Image_7984.jpg,fighting
Image_11844.jpg,eating
Image_11317.jpg,running
Image_2617.jpg,hugging
Image_6718.jpg,fighting
Image_9969.jpg,laughing
Image_4839.jpg,dancing
Image_3144.jpg,listening_to_music
Image_9680.jpg,fighting
Image_9393.jpg,texting
Image_2508.jpg,eating
Image_12058.jpg,laughing
Image_5971.jpg,fighting
Image_6110.jpg,sleeping
Image_5246.jpg,laughing
Image_7780.jpg,hugging
Image_6068.jpg,using_laptop
Image_8970.jpg,hugging
Image_4336.jpg,eating
Image_4418.jpg,cycling
Image_9016.jpg,texting
Image_4149.jpg,fighting
Image_96.jpg,calling
Image_6728.jpg,dancing
Image_1656.jpg,calling
Image_9130.jpg,listening_to_music
Image_7458.jpg,running
Image_11740.jpg,cycling
Image_6662.jpg,sleeping
Image_3838.jpg,hugging
Image_60.jpg,laughing
Image_8411.jpg,drinking
Image_1415.jpg,dancing
Image_6434.jpg,clapping
Image_11510.jpg,running
Image_7798.jpg,hugging
Image_1576.jpg,running
Image_9062.jpg,calling
Image_1624.jpg,listening_to_music
Image_11099.jpg,running
Image_3839.jpg,calling
Image_1154.jpg,listening_to_music
Image_9571.jpg,clapping
Image_2484.jpg,laughing
Image_3528.jpg,listening_to_music
Image_4302.jpg,listening_to_music
Image_2329.jpg,sleeping
Image_3345.jpg,laughing
Image_4246.jpg,sitting
Image_8912.jpg,clapping
Image_8588.jpg,running
Image_9241.jpg,running
Image_1262.jpg,clapping
Image_12303.jpg,drinking
Image_10380.jpg,sleeping
Image_5518.jpg,eating
Image_6150.jpg,using_laptop
Image_9374.jpg,running
Image_5266.jpg,cycling
Image_2782.jpg,laughing
Image_5404.jpg,dancing
Image_6741.jpg,calling
Image_3313.jpg,eating
Image_1044.jpg,laughing
Image_4097.jpg,running
Image_374.jpg,fighting
Image_4353.jpg,calling
Image_12209.jpg,laughing
Image_3680.jpg,texting
Image_7054.jpg,cycling
Image_4984.jpg,cycling
Image_10940.jpg,sleeping
Image_5322.jpg,hugging
Image_12005.jpg,listening_to_music
Image_9479.jpg,running
Image_614.jpg,running
Image_5818.jpg,hugging
Image_5747.jpg,using_laptop
Image_7426.jpg,hugging
Image_12404.jpg,dancing
Image_6126.jpg,texting
Image_5010.jpg,sleeping
Image_7091.jpg,sitting
Image_1435.jpg,using_laptop
Image_6965.jpg,using_laptop
Image_11736.jpg,using_laptop
Image_7457.jpg,calling
Image_8551.jpg,dancing
Image_9056.jpg,sitting
Image_10142.jpg,drinking
Image_2158.jpg,fighting
Image_612.jpg,sitting
Image_12091.jpg,clapping
Image_6074.jpg,dancing
Image_9988.jpg,using_laptop
Image_7119.jpg,clapping
Image_2523.jpg,using_laptop
Image_2478.jpg,eating
Image_1723.jpg,fighting
Image_10615.jpg,listening_to_music
Image_9582.jpg,sitting
Image_4692.jpg,sleeping
Image_11256.jpg,listening_to_music
Image_5769.jpg,dancing
Image_4561.jpg,hugging
Image_10645.jpg,eating
Image_6250.jpg,laughing
Image_8517.jpg,sitting
Image_2056.jpg,using_laptop
Image_6731.jpg,laughing
Image_5009.jpg,texting
Image_12066.jpg,fighting
Image_2485.jpg,fighting
Image_12173.jpg,fighting
Image_12256.jpg,cycling
Image_9786.jpg,drinking
Image_7212.jpg,clapping
Image_9852.jpg,dancing
Image_9802.jpg,running
Image_8138.jpg,clapping
Image_5408.jpg,listening_to_music
Image_120.jpg,listening_to_music
Image_3095.jpg,dancing
Image_12156.jpg,laughing
Image_5573.jpg,listening_to_music
Image_10070.jpg,dancing
Image_5461.jpg,calling
Image_3194.jpg,calling
Image_5904.jpg,listening_to_music
Image_7965.jpg,sleeping
Image_5910.jpg,cycling
Image_3679.jpg,sleeping
Image_9728.jpg,clapping
Image_9963.jpg,texting
Image_5045.jpg,using_laptop
Image_945.jpg,drinking
Image_8934.jpg,hugging
Image_8938.jpg,drinking
Image_12305.jpg,cycling
Image_6998.jpg,listening_to_music
Image_2035.jpg,dancing
Image_12454.jpg,fighting
Image_9958.jpg,laughing
Image_12599.jpg,dancing
Image_4481.jpg,hugging
Image_6085.jpg,clapping
Image_1845.jpg,sitting
Image_7826.jpg,running
Image_1745.jpg,texting
Image_896.jpg,cycling
Image_2465.jpg,dancing
Image_1689.jpg,cycling
Image_2589.jpg,eating
Image_2155.jpg,drinking
Image_11988.jpg,drinking
Image_1513.jpg,drinking
Image_6129.jpg,dancing
Image_6399.jpg,eating
Image_7572.jpg,eating
Image_9624.jpg,texting
Image_6307.jpg,listening_to_music
Image_3985.jpg,running
Image_2233.jpg,running
Image_10297.jpg,running
Image_11167.jpg,running
Image_1434.jpg,texting
Image_3306.jpg,dancing
Image_5966.jpg,eating
Image_10011.jpg,fighting
Image_4258.jpg,laughing
Image_8052.jpg,laughing
Image_7247.jpg,sleeping
Image_12448.jpg,cycling
Image_425.jpg,laughing
Image_555.jpg,sitting
Image_7473.jpg,hugging
Image_6024.jpg,drinking
Image_1979.jpg,using_laptop
Image_488.jpg,laughing
Image_6751.jpg,cycling
Image_6672.jpg,cycling
Image_10399.jpg,listening_to_music
Image_6426.jpg,hugging
Image_7796.jpg,listening_to_music
Image_7147.jpg,drinking
Image_9318.jpg,eating
Image_2390.jpg,texting
Image_12335.jpg,fighting
Image_469.jpg,using_laptop
Image_11996.jpg,drinking
Image_1179.jpg,texting
Image_2544.jpg,listening_to_music
Image_10960.jpg,using_laptop
Image_11199.jpg,texting
Image_12452.jpg,cycling
Image_9731.jpg,running
Image_8774.jpg,texting
Image_10599.jpg,laughing
Image_2129.jpg,texting
Image_3376.jpg,running
Image_2992.jpg,texting
Image_10126.jpg,running
Image_2013.jpg,dancing
Image_3326.jpg,clapping
Image_69.jpg,texting
Image_3861.jpg,calling
Image_1176.jpg,fighting
Image_8615.jpg,sitting
Image_7677.jpg,dancing
Image_178.jpg,cycling
Image_8331.jpg,eating
Image_5336.jpg,running
Image_7955.jpg,eating
Image_11062.jpg,sleeping
Image_8605.jpg,laughing
Image_8001.jpg,fighting
Image_7177.jpg,drinking
Image_4644.jpg,fighting
Image_5479.jpg,calling
Image_11449.jpg,fighting
Image_12375.jpg,texting
Image_4834.jpg,fighting
Image_1826.jpg,dancing
Image_7857.jpg,eating
Image_246.jpg,dancing
Image_7343.jpg,cycling
Image_8409.jpg,running
Image_8096.jpg,running
Image_1409.jpg,texting
Image_10571.jpg,clapping
Image_6479.jpg,fighting
Image_2436.jpg,running
Image_1721.jpg,laughing
Image_10077.jpg,using_laptop
Image_6879.jpg,hugging
Image_12289.jpg,laughing
Image_674.jpg,fighting
Image_11935.jpg,sitting
Image_4925.jpg,eating
Image_10237.jpg,drinking
Image_12169.jpg,calling
Image_7132.jpg,eating
Image_11119.jpg,drinking
Image_7848.jpg,dancing
Image_3699.jpg,drinking
Image_6753.jpg,hugging
Image_4076.jpg,calling
Image_10745.jpg,eating
Image_5590.jpg,dancing
Image_462.jpg,sitting
Image_6311.jpg,calling
Image_9177.jpg,running
Image_11139.jpg,texting
Image_5724.jpg,cycling
Image_5624.jpg,drinking
Image_2616.jpg,calling
Image_11899.jpg,sleeping
Image_4902.jpg,listening_to_music
Image_6437.jpg,dancing
Image_15.jpg,sleeping
Image_8056.jpg,laughing
Image_6696.jpg,sleeping
Image_3066.jpg,eating
Image_994.jpg,texting
Image_2202.jpg,using_laptop
Image_11066.jpg,hugging
Image_3747.jpg,sleeping
Image_6900.jpg,using_laptop
Image_10706.jpg,running
Image_4075.jpg,using_laptop
Image_6480.jpg,listening_to_music
Image_10278.jpg,running
Image_5563.jpg,hugging
Image_9296.jpg,cycling
Image_813.jpg,sitting
Image_5145.jpg,listening_to_music
Image_3373.jpg,dancing
Image_1384.jpg,laughing
Image_4119.jpg,drinking
Image_12021.jpg,listening_to_music
Image_8194.jpg,dancing
Image_10402.jpg,clapping
Image_11238.jpg,cycling
Image_115.jpg,hugging
Image_5264.jpg,clapping
Image_11470.jpg,sitting
Image_9877.jpg,texting
Image_2499.jpg,laughing
Image_10826.jpg,sleeping
Image_10147.jpg,cycling
Image_7224.jpg,sleeping
Image_8347.jpg,texting
Image_6500.jpg,listening_to_music
Image_2610.jpg,sleeping
Image_5043.jpg,cycling
Image_10331.jpg,dancing
Image_4437.jpg,calling
Image_6206.jpg,sitting
Image_9870.jpg,dancing
Image_4601.jpg,using_laptop
Image_215.jpg,laughing
Image_10623.jpg,laughing
Image_10406.jpg,sitting
Image_3036.jpg,drinking
Image_4016.jpg,clapping
Image_8763.jpg,hugging
Image_5187.jpg,hugging
Image_11200.jpg,hugging
Image_10649.jpg,eating
Image_11647.jpg,laughing
Image_11509.jpg,drinking
Image_4694.jpg,running
Image_9100.jpg,using_laptop
Image_2168.jpg,dancing
Image_4983.jpg,using_laptop
Image_3018.jpg,listening_to_music
Image_737.jpg,cycling
Image_4914.jpg,using_laptop
Image_6028.jpg,sitting
Image_3753.jpg,clapping
Image_4398.jpg,dancing
Image_4185.jpg,drinking
Image_9503.jpg,cycling
Image_5147.jpg,cycling
Image_12292.jpg,drinking
Image_1603.jpg,hugging
Image_5495.jpg,calling
Image_32.jpg,cycling
Image_10624.jpg,laughing
Image_5666.jpg,eating
Image_9640.jpg,sitting
Image_9868.jpg,sleeping
Image_4803.jpg,texting
Image_1483.jpg,fighting
Image_1651.jpg,sleeping
Image_6632.jpg,using_laptop
Image_1400.jpg,dancing
Image_484.jpg,fighting
Image_8117.jpg,laughing
Image_2268.jpg,sleeping
Image_11542.jpg,hugging
Image_11043.jpg,sitting
Image_6922.jpg,using_laptop
Image_9836.jpg,texting
Image_11350.jpg,cycling
Image_1359.jpg,texting
Image_4112.jpg,drinking
Image_5211.jpg,listening_to_music
Image_9404.jpg,hugging
Image_5921.jpg,hugging
Image_9288.jpg,fighting
Image_11387.jpg,texting
Image_300.jpg,cycling
Image_6463.jpg,sitting
Image_11592.jpg,laughing
Image_7020.jpg,using_laptop
Image_5891.jpg,sitting
Image_3648.jpg,running
Image_669.jpg,hugging
Image_11377.jpg,calling
Image_9860.jpg,running
Image_1471.jpg,texting
Image_1784.jpg,using_laptop
Image_10616.jpg,fighting
Image_7061.jpg,sleeping
Image_304.jpg,listening_to_music
Image_2103.jpg,sitting
Image_2999.jpg,sitting
Image_4036.jpg,listening_to_music
Image_10667.jpg,laughing
Image_11817.jpg,listening_to_music
Image_1594.jpg,cycling
Image_9682.jpg,using_laptop
Image_8166.jpg,listening_to_music
Image_1328.jpg,eating
Image_11569.jpg,clapping
Image_11330.jpg,drinking
Image_6113.jpg,laughing
Image_8811.jpg,fighting
Image_3572.jpg,calling
Image_9534.jpg,fighting
Image_5946.jpg,drinking
Image_8263.jpg,eating
Image_7554.jpg,listening_to_music
Image_5796.jpg,fighting
Image_1069.jpg,hugging
Image_8063.jpg,fighting
Image_4420.jpg,hugging
Image_2070.jpg,drinking
Image_7454.jpg,cycling
Image_12462.jpg,sleeping
Image_6932.jpg,calling
Image_10125.jpg,fighting
Image_7114.jpg,texting
Image_7014.jpg,listening_to_music
Image_1702.jpg,eating
Image_3976.jpg,eating
Image_1666.jpg,fighting
Image_6073.jpg,clapping
Image_6023.jpg,listening_to_music
Image_7584.jpg,cycling
Image_8744.jpg,clapping
Image_12442.jpg,dancing
Image_11462.jpg,calling
Image_5734.jpg,running
Image_3446.jpg,drinking
Image_11457.jpg,eating
Image_10968.jpg,eating
Image_2304.jpg,sitting
Image_6339.jpg,using_laptop
Image_1622.jpg,running
Image_9381.jpg,sitting
Image_4696.jpg,running
Image_421.jpg,drinking
Image_7771.jpg,clapping
Image_1965.jpg,listening_to_music
Image_12473.jpg,sitting
Image_1048.jpg,cycling
Image_857.jpg,texting
Image_8252.jpg,drinking
Image_10762.jpg,sleeping
Image_5936.jpg,texting
Image_6909.jpg,cycling
Image_3795.jpg,drinking
Image_3644.jpg,eating
Image_7133.jpg,laughing
Image_12312.jpg,fighting
Image_6682.jpg,drinking
Image_2184.jpg,hugging
Image_1140.jpg,clapping
Image_7705.jpg,eating
Image_9745.jpg,eating
Image_5119.jpg,texting
Image_10608.jpg,sleeping
Image_7225.jpg,cycling
Image_108.jpg,eating
Image_6759.jpg,listening_to_music
Image_4321.jpg,hugging
Image_11722.jpg,drinking
Image_11552.jpg,fighting
Image_4343.jpg,sleeping
Image_5221.jpg,clapping
Image_2532.jpg,laughing
Image_1698.jpg,eating
Image_11055.jpg,hugging
Image_10535.jpg,drinking
Image_5688.jpg,dancing
Image_218.jpg,running
Image_3586.jpg,listening_to_music
Image_1356.jpg,drinking
Image_1347.jpg,using_laptop
Image_2471.jpg,sleeping
Image_7429.jpg,running
Image_9305.jpg,calling
Image_511.jpg,sitting
Image_701.jpg,calling
Image_170.jpg,running
Image_4930.jpg,cycling
Image_1714.jpg,sleeping
Image_574.jpg,laughing
Image_40.jpg,hugging
Image_7511.jpg,running
Image_11090.jpg,sitting
Image_7640.jpg,listening_to_music
Image_933.jpg,cycling
Image_4848.jpg,laughing
Image_12088.jpg,calling
Image_4809.jpg,fighting
Image_4251.jpg,clapping
Image_347.jpg,running
Image_8384.jpg,listening_to_music
Image_3379.jpg,calling
Image_12476.jpg,calling
Image_6124.jpg,running
Image_5498.jpg,hugging
Image_4817.jpg,texting
Image_5806.jpg,calling
Image_12276.jpg,listening_to_music
Image_2456.jpg,dancing
Image_4707.jpg,laughing
Image_5596.jpg,texting
Image_10534.jpg,drinking
Image_3414.jpg,dancing
Image_11021.jpg,laughing
Image_7378.jpg,clapping
Image_972.jpg,dancing
Image_9544.jpg,fighting
Image_9642.jpg,cycling
Image_4008.jpg,calling
Image_7249.jpg,fighting
Image_1202.jpg,fighting
Image_5031.jpg,calling
Image_5577.jpg,hugging
Image_8710.jpg,running
Image_6248.jpg,fighting
Image_9738.jpg,eating
Image_3949.jpg,using_laptop
Image_9188.jpg,drinking
Image_12122.jpg,listening_to_music
Image_9352.jpg,running
Image_4680.jpg,eating
Image_9045.jpg,drinking
Image_3112.jpg,using_laptop
Image_9898.jpg,fighting
Image_8020.jpg,dancing
Image_10769.jpg,eating
Image_8597.jpg,cycling
Image_4449.jpg,dancing
Image_6595.jpg,dancing
Image_3106.jpg,fighting
Image_4408.jpg,calling
Image_11680.jpg,clapping
Image_1684.jpg,texting
Image_1458.jpg,listening_to_music
Image_6992.jpg,eating
Image_2803.jpg,clapping
Image_5319.jpg,running
Image_5260.jpg,cycling
Image_1351.jpg,texting
Image_11460.jpg,dancing
Image_8243.jpg,hugging
Image_8310.jpg,hugging
Image_7093.jpg,calling
Image_9637.jpg,cycling
Image_6665.jpg,hugging
Image_8665.jpg,using_laptop
Image_2799.jpg,sleeping
Image_211.jpg,sleeping
Image_11026.jpg,texting
Image_9442.jpg,sleeping
Image_652.jpg,calling
Image_12172.jpg,using_laptop
Image_12518.jpg,sitting
Image_11379.jpg,clapping
Image_10057.jpg,drinking
Image_5704.jpg,using_laptop
Image_3222.jpg,cycling
Image_8171.jpg,running
Image_1609.jpg,cycling
Image_10775.jpg,drinking
Image_5108.jpg,dancing
